city,iyear,imonth,nkill,incident_count,future_incidents,prev_incidents,rolling_incidents
Anantnag,1990,1,0.0,2,3.0,1.0,1.3333333333333333
Anantnag,1990,3,4.0,3,1.0,2.0,2.0
Anantnag,1990,4,4.0,1,2.0,3.0,2.0
Anantnag,1990,5,8.0,2,1.0,1.0,2.0
Anantnag,1990,7,1.0,1,1.0,2.0,1.3333333333333333
Anantnag,1990,8,0.0,1,1.0,1.0,1.3333333333333333
Anantnag,1992,4,7.0,1,1.0,1.0,1.0
Anantnag,1994,6,1.0,1,1.0,1.0,1.0
Anantnag,1996,2,11.0,1,1.0,1.0,1.0
Anantnag,1996,6,5.0,1,1.0,1.0,1.0
Anantnag,1996,8,14.0,1,5.0,1.0,1.0
Anantnag,1996,9,0.0,5,1.0,1.0,2.3333333333333335
Anantnag,1998,11,1.0,1,2.0,5.0,2.3333333333333335
Anantnag,1999,7,12.0,2,1.0,1.0,2.6666666666666665
Anantnag,1999,12,0.0,1,1.0,2.0,1.3333333333333333
Anantnag,2000,4,0.0,1,1.0,1.0,1.3333333333333333
Anantnag,2000,10,0.0,1,1.0,1.0,1.0
Anantnag,2001,2,0.0,1,1.0,1.0,1.0
Anantnag,2001,8,1.0,1,1.0,1.0,1.0
Anantnag,2001,11,3.0,1,1.0,1.0,1.0
Anantnag,2002,3,13.0,1,1.0,1.0,1.0
Anantnag,2002,6,2.0,1,2.0,1.0,1.0
Anantnag,2002,7,2.0,2,1.0,1.0,1.3333333333333333
Anantnag,2002,10,0.0,1,1.0,2.0,1.3333333333333333
Anantnag,2002,11,1.0,1,1.0,1.0,1.3333333333333333
Anantnag,2003,1,1.0,1,1.0,1.0,1.0
Anantnag,2003,5,0.0,1,1.0,1.0,1.0
Anantnag,2003,10,1.0,1,1.0,1.0,1.0
Anantnag,2003,11,1.0,1,1.0,1.0,1.0
Anantnag,2003,12,0.0,1,1.0,1.0,1.0
Anantnag,2004,1,1.0,1,1.0,1.0,1.0
Anantnag,2004,6,0.0,1,2.0,1.0,1.0
Anantnag,2004,7,0.0,2,1.0,1.0,1.3333333333333333
Anantnag,2004,12,0.0,1,1.0,2.0,1.3333333333333333
Anantnag,2005,1,0.0,1,1.0,1.0,1.3333333333333333
Anantnag,2005,5,0.0,1,1.0,1.0,1.0
Anantnag,2006,2,0.0,1,2.0,1.0,1.0
Anantnag,2008,7,0.0,2,1.0,1.0,1.3333333333333333
Anantnag district,1995,6,8.0,1,1.0,1.0,1.0
Anantnag district,1995,11,1.0,1,1.0,1.0,1.0
Anantnag district,1996,10,7.0,1,1.0,1.0,1.0
Anantnag district,1997,3,4.0,1,1.0,1.0,1.0
Anantnag district,2002,11,1.0,1,1.0,1.0,1.0
Anantnag district,2005,1,2.0,1,1.0,1.0,1.0
Awantipora,2002,4,3.0,1,1.0,1.0,1.0
Awantipora,2003,5,1.0,1,2.0,1.0,1.0
Awantipora,2005,6,0.0,2,1.0,1.0,1.3333333333333333
Awantipora,2007,1,2.0,1,1.0,2.0,1.3333333333333333
Awantipora,2007,8,0.0,1,1.0,1.0,1.3333333333333333
Bandipora,1999,7,5.0,1,1.0,1.0,1.0
Bandipora,1999,11,3.0,1,1.0,1.0,1.0
Bandipora,2000,9,1.0,1,1.0,1.0,1.0
Bandipora,2001,11,2.0,1,1.0,1.0,1.0
Bandipora,2001,12,0.0,1,1.0,1.0,1.0
Bandipora,2002,1,1.0,1,1.0,1.0,1.0
Bandipora,2002,9,1.0,1,1.0,1.0,1.0
Bandipora,2002,11,1.0,1,1.0,1.0,1.0
Bandipora,2003,11,1.0,1,1.0,1.0,1.0
Bandipora,2004,4,0.0,1,1.0,1.0,1.0
Bandipora,2006,5,0.0,1,1.0,1.0,1.0
Banihal,2001,11,4.0,1,1.0,1.0,1.0
Banihal,2002,1,6.0,1,1.0,1.0,1.0
Banihal,2003,3,0.0,1,1.0,1.0,1.0
Banihal,2003,9,5.0,1,1.0,1.0,1.0
Baramulla,1991,6,1.0,1,1.0,1.0,1.0
Baramulla,1992,4,1.0,1,1.0,1.0,1.0
Baramulla,1994,4,2.0,1,1.0,1.0,1.0
Baramulla,1996,7,2.0,1,1.0,1.0,1.0
Baramulla,1996,9,0.0,1,1.0,1.0,1.0
Baramulla,1996,10,5.0,1,1.0,1.0,1.0
Baramulla,1999,7,3.0,1,1.0,1.0,1.0
Baramulla,2001,4,0.0,1,1.0,1.0,1.0
Baramulla,2001,12,9.0,1,3.0,1.0,1.0
Baramulla,2003,1,3.0,3,1.0,1.0,1.6666666666666667
Baramulla,2003,4,0.0,1,2.0,3.0,1.6666666666666667
Baramulla,2004,6,8.0,2,1.0,1.0,2.0
Baramulla,2004,7,1.0,1,1.0,2.0,1.3333333333333333
Baramulla,2005,1,0.0,1,1.0,1.0,1.3333333333333333
Baramulla,2005,12,9.0,1,1.0,1.0,1.0
Baramulla,2006,2,0.0,1,2.0,1.0,1.0
Baramulla,2006,4,2.0,2,2.0,1.0,1.3333333333333333
Baramulla,2006,8,1.0,2,1.0,2.0,1.6666666666666667
Baramulla District,2002,12,1.0,1,1.0,2.0,1.3333333333333333
Baramulla district,2001,4,3.0,1,2.0,1.0,1.0
Baramulla district,2001,8,1.0,2,1.0,1.0,1.3333333333333333
Baramulla district,2003,2,5.0,1,1.0,2.0,1.3333333333333333
Baramulla district,2003,5,4.0,1,1.0,1.0,1.3333333333333333
Baramulla district,2006,11,1.0,1,1.0,1.0,1.0
Bhaderwah,2008,7,1.0,1,1.0,1.0,1.0
Bhaderwah,2009,4,1.0,1,1.0,1.0,1.0
Bijbehara,1996,9,0.0,1,1.0,1.0,1.0
Bijbehara,1997,7,2.0,1,1.0,1.0,1.0
Bijbehara,2000,2,0.0,1,1.0,1.0,1.0
Bijbehara,2000,8,0.0,1,1.0,1.0,1.0
Bijbehara,2001,4,2.0,1,1.0,1.0,1.0
Bijbehara,2002,5,1.0,1,1.0,1.0,1.0
Bijbehara,2002,8,0.0,1,1.0,1.0,1.0
Bijbehara,2003,3,0.0,1,1.0,1.0,1.0
Bijbehara,2004,1,0.0,1,1.0,1.0,1.0
Bijbehara,2005,5,1.0,1,2.0,1.0,1.0
Budgam,2001,8,2.0,1,1.0,1.0,1.0
Budgam,2002,7,4.0,1,1.0,1.0,1.0
Budgam,2003,1,0.0,1,1.0,1.0,1.0
Budgam District,2001,4,5.0,1,1.0,1.0,1.0
Budgam District,2001,8,1.0,1,1.0,1.0,1.0
Doda,1996,5,1.0,1,1.0,1.0,1.0
Doda,1999,9,0.0,1,1.0,1.0,1.0
Doda,2000,1,0.0,1,1.0,1.0,1.0
Doda,2001,6,2.0,1,1.0,1.0,1.0
Doda,2001,9,1.0,1,1.0,1.0,1.0
Doda,2002,5,2.0,1,1.0,1.0,1.0
Doda,2002,10,3.0,1,1.0,1.0,1.0
Doda,2003,5,1.0,1,1.0,1.0,1.0
Doda,2003,9,1.0,1,3.0,1.0,1.0
Doda,2006,5,26.0,3,1.0,1.0,1.6666666666666667
Doda,2006,6,0.0,1,1.0,3.0,1.6666666666666667
Doda,2006,9,5.0,1,1.0,1.0,1.6666666666666667
Doda,2008,6,0.0,1,1.0,1.0,1.0
Doda,2008,8,0.0,1,1.0,1.0,1.0
Doda District,2004,7,7.0,1,1.0,1.0,1.0
Doda district,1998,5,5.0,1,3.0,1.0,1.0
Doda district,2001,8,15.0,3,1.0,1.0,1.6666666666666667
Doda district,2002,1,0.0,1,1.0,3.0,1.6666666666666667
Doda district,2002,4,1.0,1,1.0,1.0,1.6666666666666667
Doda district,2004,9,0.0,1,1.0,1.0,1.0
Doda district,2004,10,0.0,1,2.0,1.0,1.0
Doda district,2005,8,1.0,2,1.0,1.0,1.3333333333333333
Doda district,2006,8,3.0,1,1.0,2.0,1.3333333333333333
Doda district,2008,5,1.0,1,2.0,1.0,1.3333333333333333
Doda district,2008,9,1.0,2,1.0,1.0,1.3333333333333333
Doda district,2008,12,0.0,1,1.0,2.0,1.3333333333333333
Doda district,2009,4,0.0,1,1.0,1.0,1.3333333333333333
Ganderbal,2003,5,0.0,1,1.0,1.0,1.0
Handwara,2001,8,0.0,1,1.0,1.0,1.0
Handwara,2001,9,12.0,1,1.0,1.0,1.0
Handwara,2005,8,0.0,1,1.0,1.0,1.0
Handwara,2007,7,0.0,1,1.0,1.0,1.0
Handwara,2008,7,3.0,1,1.0,1.0,1.0
Jammu,1989,4,0.0,1,1.0,1.0,1.0
Jammu,1989,8,6.0,1,1.0,1.0,1.0
Jammu,1990,1,0.0,1,1.0,1.0,1.0
Jammu,1990,7,0.0,1,1.0,1.0,1.0
Jammu,1990,9,0.0,1,1.0,1.0,1.0
Jammu,1991,3,3.0,1,1.0,1.0,1.0
Jammu,1991,4,2.0,1,2.0,1.0,1.0
Jammu,1991,8,2.0,2,4.0,1.0,1.3333333333333333
Jammu,1991,9,5.0,4,1.0,2.0,2.3333333333333335
Jammu,1992,8,0.0,1,1.0,4.0,2.3333333333333335
Jammu,1992,10,17.0,1,1.0,1.0,2.0
Jammu,1994,2,3.0,1,1.0,1.0,1.0
Jammu,1994,3,1.0,1,1.0,1.0,1.0
Jammu,1994,7,6.0,1,1.0,1.0,1.0
Jammu,1994,8,7.0,1,1.0,1.0,1.0
Jammu,1994,11,2.0,1,1.0,1.0,1.0
Jammu,1995,1,8.0,1,1.0,1.0,1.0
Jammu,1995,5,0.0,1,2.0,1.0,1.0
Jammu,1995,7,17.0,2,1.0,1.0,1.3333333333333333
Jammu,1995,8,0.0,1,1.0,2.0,1.3333333333333333
Jammu,1996,4,0.0,1,1.0,1.0,1.3333333333333333
Jammu,1999,10,0.0,1,1.0,1.0,1.0
Jammu,1999,12,1.0,1,2.0,1.0,1.0
Jammu,2000,1,0.0,2,1.0,1.0,1.3333333333333333
Jammu,2000,8,1.0,1,1.0,2.0,1.3333333333333333
Jammu,2000,11,0.0,1,1.0,1.0,1.3333333333333333
Jammu,2001,1,0.0,1,1.0,1.0,1.0
Jammu,2001,6,0.0,1,1.0,1.0,1.0
Jammu,2001,8,12.0,1,1.0,1.0,1.0
Jammu,2002,1,2.0,1,1.0,1.0,1.0
Jammu,2002,3,10.0,1,1.0,1.0,1.0
Jammu,2002,5,34.0,1,1.0,1.0,1.0
Jammu,2002,6,6.0,1,2.0,1.0,1.0
Jammu,2002,7,56.0,2,1.0,1.0,1.3333333333333333
Jammu,2002,11,13.0,1,1.0,2.0,1.3333333333333333
Jammu,2003,3,1.0,1,1.0,1.0,1.3333333333333333
Jammu,2003,6,14.0,1,1.0,1.0,1.0
Jammu,2003,9,2.0,1,2.0,1.0,1.0
Jammu,2004,1,9.0,2,1.0,1.0,1.3333333333333333
Jammu,2004,3,6.0,1,1.0,2.0,1.3333333333333333
Jammu,2004,6,1.0,1,1.0,1.0,1.3333333333333333
Jammu,2004,8,1.0,1,1.0,1.0,1.0
Jammu,2006,6,1.0,1,1.0,1.0,1.0
Jammu district,2001,11,16.0,1,1.0,1.0,2.3333333333333335
Kangan,1999,6,6.0,1,1.0,1.0,1.0
Kangan,2002,10,1.0,1,1.0,1.0,1.0
Kangan,2004,11,1.0,1,1.0,1.0,1.0
Kangan,2006,4,1.0,1,1.0,1.0,1.0
Kishtwar,2001,2,2.0,1,2.0,1.0,1.0
Kishtwar,2008,8,1.0,2,1.0,1.0,1.3333333333333333
Kishtwar,2008,12,1.0,1,1.0,2.0,1.3333333333333333
Kishtwar,2010,7,1.0,1,1.0,1.0,1.3333333333333333
Kulgam,2002,12,0.0,1,2.0,1.0,1.0
Kulgam,2003,1,0.0,2,1.0,1.0,1.3333333333333333
Kulgam,2003,3,0.0,1,1.0,2.0,1.3333333333333333
Kulgam,2003,4,0.0,1,1.0,1.0,1.3333333333333333
Kulgam,2003,10,0.0,1,1.0,1.0,1.0
Kulgam,2005,3,1.0,1,1.0,1.0,1.0
Kulgam,2005,6,1.0,1,2.0,1.0,1.0
Kulgam,2006,6,20.0,2,1.0,1.0,1.3333333333333333
Kulgam,2007,11,1.0,1,1.0,2.0,1.3333333333333333
Kupwara,1991,3,1.0,1,1.0,1.0,1.0
Kupwara,1991,6,7.0,1,1.0,1.0,1.0
Kupwara,1992,4,0.0,1,1.0,1.0,1.0
Kupwara,1992,5,1.0,1,1.0,1.0,1.0
Kupwara,1994,1,15.0,1,1.0,1.0,1.0
Kupwara,1995,2,6.0,1,1.0,1.0,1.0
Kupwara,1999,8,4.0,1,1.0,1.0,1.0
Kupwara,2001,6,2.0,1,2.0,1.0,1.0
Kupwara,2002,1,3.0,2,1.0,1.0,1.3333333333333333
Kupwara,2002,6,0.0,1,1.0,2.0,1.3333333333333333
Kupwara,2002,9,3.0,1,1.0,1.0,1.3333333333333333
Kupwara,2003,5,0.0,1,1.0,1.0,1.0
Kupwara,2007,8,0.0,1,1.0,1.0,1.0
Kupwara,2007,11,0.0,1,1.0,1.0,1.0
Kupwara,2008,11,0.0,1,2.0,1.0,1.0
Kupwara District,1999,5,1.0,1,1.0,1.0,1.0
Kupwara District,1999,6,2.0,1,1.0,1.0,1.0
Kupwara District,2000,9,2.0,1,1.0,1.0,1.0
Kupwara district,2005,7,3.0,1,1.0,1.0,1.0
Magam,2001,5,8.0,1,1.0,1.0,1.0
Magam,2003,4,1.0,1,1.0,1.0,1.0
Pahalgam,1995,8,0.0,6,1.0,1.0,2.6666666666666665
Pahalgam,1999,8,0.0,1,1.0,6.0,2.6666666666666665
Pahalgam,2000,8,35.0,1,1.0,1.0,2.6666666666666665
Pahalgam,2001,8,1.0,1,1.0,1.0,1.0
Pahalgam,2001,9,1.0,1,1.0,1.0,1.0
Pahalgam,2002,8,8.0,1,1.0,1.0,1.0
Pahalgam,2003,1,1.0,1,1.0,1.0,1.0
Pahalgam,2004,6,4.0,1,1.0,1.0,1.0
Pahalgam,2006,4,0.0,1,1.0,1.0,1.0
Pampore,2004,4,0.0,1,1.0,1.0,1.0
Pampore,2005,1,0.0,1,1.0,1.0,1.0
Pattan,2000,12,0.0,1,1.0,1.0,1.0
Pattan,2002,2,2.0,1,1.0,1.0,1.0
Pattan,2005,5,4.0,1,1.0,1.0,1.0
Pattan,2005,8,0.0,1,1.0,1.0,1.0
Pattan,2007,1,0.0,1,1.0,1.0,1.0
Poonch,2001,8,12.0,2,1.0,1.0,1.3333333333333333
Poonch,2003,1,2.0,1,3.0,2.0,1.3333333333333333
Poonch,2003,3,10.0,3,3.0,1.0,2.0
Poonch,2004,6,17.0,3,1.0,3.0,2.3333333333333335
Poonch,2005,3,0.0,1,1.0,3.0,2.3333333333333335
Poonch district,2004,7,2.0,1,1.0,1.0,1.0
Pulwama,1991,6,5.0,1,1.0,1.0,1.0
Pulwama,1994,1,9.0,1,1.0,1.0,1.0
Pulwama,1996,3,1.0,1,1.0,1.0,1.0
Pulwama,1997,2,2.0,1,1.0,1.0,1.0
Pulwama,1997,6,0.0,1,1.0,1.0,1.0
Pulwama,1997,11,4.0,1,3.0,1.0,1.0
Pulwama,2002,7,3.0,3,1.0,1.0,1.6666666666666667
Pulwama,2002,12,0.0,1,1.0,3.0,1.6666666666666667
Pulwama,2003,5,0.0,1,1.0,1.0,1.6666666666666667
Pulwama,2003,11,0.0,1,1.0,1.0,1.0
Pulwama,2004,3,4.0,1,3.0,1.0,1.0
Pulwama,2004,4,8.0,3,1.0,1.0,1.6666666666666667
Pulwama,2004,12,12.0,1,1.0,3.0,1.6666666666666667
Pulwama,2005,5,1.0,1,1.0,1.0,1.6666666666666667
Pulwama,2005,6,15.0,1,1.0,1.0,1.0
Pulwama,2009,4,1.0,1,1.0,1.0,1.0
Pulwama,2009,6,1.0,1,1.0,1.0,1.0
Pulwama,2009,12,1.0,1,1.0,1.0,1.0
Pulwama district,2003,11,1.0,1,1.0,1.0,1.0
Pulwama district,2005,8,1.0,1,1.0,1.0,1.0
Pulwama district,2006,4,1.0,1,1.0,1.0,1.0
Pulwama district,2007,4,1.0,1,1.0,1.0,1.0
Qazigund,2000,12,0.0,1,1.0,1.0,1.0
Qazigund,2003,4,1.0,1,1.0,1.0,1.0
Qazigund,2003,7,6.0,1,1.0,1.0,1.0
Rajouri,1999,4,5.0,1,1.0,1.0,1.0
Rajouri,2000,9,0.0,1,1.0,1.0,1.0
Rajouri,2001,8,0.0,1,1.0,1.0,1.0
Rajouri,2002,2,0.0,1,1.0,1.0,1.0
Rajouri,2002,4,2.0,1,1.0,1.0,1.0
Rajouri,2002,7,1.0,1,1.0,1.0,1.0
Rajouri,2002,8,0.0,1,1.0,1.0,1.0
Rajouri,2002,11,0.0,1,2.0,1.0,1.0
Rajouri,2002,12,4.0,2,3.0,1.0,1.3333333333333333
Rajouri,2003,3,5.0,3,1.0,2.0,2.0
Rajouri,2003,9,2.0,1,1.0,3.0,2.0
Rajouri,2004,7,3.0,1,1.0,1.0,1.6666666666666667
Rajouri,2004,9,0.0,1,1.0,1.0,1.0
Rajouri,2005,4,1.0,1,1.0,1.0,1.0
Rajouri,2008,4,0.0,1,1.0,1.0,1.0
Rajouri district,2005,8,1.0,1,1.0,1.0,1.0
Rajouri district,2007,3,5.0,1,1.0,1.0,1.0
Shopian,1997,8,7.0,1,1.0,1.0,1.0
Shopian,2000,5,0.0,1,1.0,1.0,1.0
Shopian,2001,8,1.0,1,1.0,1.0,1.0
Shopian,2002,3,0.0,1,1.0,1.0,1.0
Shopian,2003,1,0.0,1,1.0,1.0,1.0
Shopian,2003,5,2.0,1,2.0,1.0,1.0
Shopian,2003,6,2.0,2,1.0,1.0,1.3333333333333333
Shopian,2003,9,5.0,1,1.0,2.0,1.3333333333333333
Shopian,2004,1,1.0,1,1.0,1.0,1.3333333333333333
Shopian,2004,2,3.0,1,1.0,1.0,1.0
Shopian,2004,11,0.0,1,1.0,1.0,1.0
Shopian,2005,2,0.0,1,1.0,1.0,1.0
Shopian,2007,1,1.0,1,1.0,1.0,1.0
Sopore,1990,7,2.0,2,1.0,2.0,2.0
Sopore,1990,9,3.0,1,1.0,2.0,1.6666666666666667
Sopore,1991,1,0.0,1,1.0,1.0,1.3333333333333333
Sopore,1991,2,0.0,1,1.0,1.0,1.0
Sopore,1991,8,27.0,1,1.0,1.0,1.0
Sopore,1992,4,7.0,1,1.0,1.0,1.0
Sopore,1992,5,7.0,1,1.0,1.0,1.0
Sopore,1992,9,6.0,1,1.0,1.0,1.0
Sopore,1995,5,0.0,1,1.0,1.0,1.0
Sopore,1995,11,1.0,1,1.0,1.0,1.0
Sopore,1997,1,4.0,1,1.0,1.0,1.0
Sopore,1997,7,1.0,1,2.0,1.0,1.0
Sopore,2000,4,3.0,2,1.0,1.0,1.3333333333333333
Sopore,2000,7,1.0,1,1.0,2.0,1.3333333333333333
Sopore,2000,10,0.0,1,1.0,1.0,1.3333333333333333
Sopore,2001,1,0.0,1,1.0,1.0,1.0
Sopore,2001,4,1.0,1,1.0,1.0,1.0
Sopore,2004,5,1.0,1,1.0,1.0,1.0
Sopore,2004,12,7.0,1,1.0,1.0,1.0
Sopore,2005,4,0.0,1,2.0,1.0,1.0
Sopore,2005,7,0.0,2,1.0,1.0,1.3333333333333333
Sopore,2006,2,0.0,1,1.0,2.0,1.3333333333333333
Sopore,2006,4,1.0,1,3.0,1.0,1.3333333333333333
Sopore,2006,10,2.0,3,1.0,1.0,1.6666666666666667
Sopore,2007,6,2.0,1,2.0,3.0,1.6666666666666667
Sopore,2008,4,0.0,2,2.0,1.0,2.0
Sopore,2008,11,0.0,2,1.0,2.0,1.6666666666666667
Sopore,2008,12,1.0,1,1.0,2.0,1.6666666666666667
Srinagar,1989,2,0.0,1,2.0,5.0,2.6666666666666665
Srinagar,1989,3,0.0,2,3.0,1.0,2.6666666666666665
Srinagar,1989,4,4.0,3,2.0,2.0,2.0
Srinagar,1989,5,1.0,2,2.0,3.0,2.3333333333333335
Srinagar,1989,7,4.0,2,9.0,2.0,2.3333333333333335
Srinagar,1989,8,0.0,9,2.0,2.0,4.333333333333333
Srinagar,1989,9,1.0,2,1.0,9.0,4.333333333333333
Srinagar,1989,10,7.0,1,3.0,2.0,4.0
Srinagar,1989,11,1.0,3,11.0,1.0,2.0
Srinagar,1989,12,1.0,11,13.0,3.0,5.0
Srinagar,1990,1,9.0,13,25.0,11.0,9.0
Srinagar,1990,2,8.0,25,17.0,13.0,16.333333333333332
Srinagar,1990,3,18.0,17,10.0,25.0,18.333333333333332
Srinagar,1990,4,7.0,10,6.0,17.0,17.333333333333332
Srinagar,1990,5,9.0,6,11.0,10.0,11.0
Srinagar,1990,6,42.0,11,8.0,6.0,9.0
Srinagar,1990,7,5.0,8,3.0,11.0,8.333333333333334
Srinagar,1990,8,1.0,3,8.0,8.0,7.333333333333333
Srinagar,1990,10,6.0,8,1.0,3.0,6.333333333333333
Srinagar,1990,11,0.0,1,1.0,8.0,4.0
Srinagar,1990,12,2.0,1,4.0,1.0,3.3333333333333335
Srinagar,1991,1,3.0,4,3.0,1.0,2.0
Srinagar,1991,2,0.0,3,1.0,4.0,2.6666666666666665
Srinagar,1991,3,1.0,1,4.0,3.0,2.6666666666666665
Srinagar,1991,4,8.0,4,1.0,1.0,2.6666666666666665
Srinagar,1991,5,1.0,1,3.0,4.0,2.0
Srinagar,1991,6,3.0,3,1.0,1.0,2.6666666666666665
Srinagar,1991,7,0.0,1,1.0,3.0,1.6666666666666667
Srinagar,1991,8,0.0,1,5.0,1.0,1.6666666666666667
Srinagar,1991,9,1.0,5,1.0,1.0,2.3333333333333335
Srinagar,1991,10,0.0,1,1.0,5.0,2.3333333333333335
Srinagar,1991,11,0.0,1,5.0,1.0,2.3333333333333335
Srinagar,1992,1,1.0,5,5.0,1.0,2.3333333333333335
Srinagar,1992,2,3.0,5,5.0,5.0,3.6666666666666665
Srinagar,1992,3,1.0,5,7.0,5.0,5.0
Srinagar,1992,4,3.0,7,2.0,5.0,5.666666666666667
Srinagar,1992,5,10.0,2,2.0,7.0,4.666666666666667
Srinagar,1992,6,4.0,2,4.0,2.0,3.6666666666666665
Srinagar,1992,7,6.0,4,3.0,2.0,2.6666666666666665
Srinagar,1992,8,3.0,3,4.0,4.0,3.0
Srinagar,1992,9,13.0,4,7.0,3.0,3.6666666666666665
Srinagar,1992,10,11.0,7,1.0,4.0,4.666666666666667
Srinagar,1992,11,30.0,1,1.0,7.0,4.0
Srinagar,1992,12,1.0,1,2.0,1.0,3.0
Srinagar,1994,1,2.0,2,2.0,1.0,1.3333333333333333
Srinagar,1994,3,13.0,2,1.0,2.0,1.6666666666666667
Srinagar,1994,6,0.0,1,1.0,2.0,1.6666666666666667
Srinagar,1994,7,1.0,1,1.0,1.0,1.3333333333333333
Srinagar,1994,8,6.0,1,2.0,1.0,1.0
Srinagar,1994,9,0.0,2,1.0,1.0,1.3333333333333333
Srinagar,1994,10,0.0,1,2.0,2.0,1.3333333333333333
Srinagar,1994,12,0.0,2,2.0,1.0,1.6666666666666667
Srinagar,1995,2,8.0,2,1.0,2.0,1.6666666666666667
Srinagar,1995,4,0.0,1,21.0,2.0,1.6666666666666667
Srinagar,1995,5,0.0,21,1.0,1.0,8.0
Srinagar,1995,7,0.0,1,7.0,21.0,7.666666666666667
Srinagar,1995,8,1.0,7,4.0,1.0,9.666666666666666
Srinagar,1995,9,15.0,4,2.0,7.0,4.0
Srinagar,1995,10,1.0,2,1.0,4.0,4.333333333333333
Srinagar,1995,12,0.0,1,3.0,2.0,2.3333333333333335
Srinagar,1996,1,1.0,3,3.0,1.0,2.0
Srinagar,1996,2,0.0,3,4.0,3.0,2.3333333333333335
Srinagar,1996,3,12.0,4,3.0,3.0,3.3333333333333335
Srinagar,1996,4,2.0,3,12.0,4.0,3.3333333333333335
Srinagar,1996,5,8.0,12,1.0,3.0,6.333333333333333
Srinagar,1996,6,0.0,1,4.0,12.0,5.333333333333333
Srinagar,1996,7,7.0,4,1.0,1.0,5.666666666666667
Srinagar,1996,8,0.0,1,14.0,4.0,2.0
Srinagar,1996,9,4.0,14,3.0,1.0,6.333333333333333
Srinagar,1996,10,4.0,3,3.0,14.0,6.0
Srinagar,1996,11,4.0,3,4.0,3.0,6.666666666666667
Srinagar,1996,12,4.0,4,5.0,3.0,3.3333333333333335
Srinagar,1997,1,30.0,5,1.0,4.0,4.0
Srinagar,1997,2,1.0,1,5.0,5.0,3.3333333333333335
Srinagar,1997,3,3.0,5,2.0,1.0,3.6666666666666665
Srinagar,1997,4,1.0,2,1.0,5.0,2.6666666666666665
Srinagar,1997,5,0.0,1,2.0,2.0,2.6666666666666665
Srinagar,1997,6,3.0,2,1.0,1.0,1.6666666666666667
Srinagar,1997,7,1.0,1,4.0,2.0,1.3333333333333333
Srinagar,1997,8,4.0,4,3.0,1.0,2.3333333333333335
Srinagar,1997,10,14.0,3,4.0,4.0,2.6666666666666665
Srinagar,1997,11,3.0,4,3.0,3.0,3.6666666666666665
Srinagar,1997,12,0.0,3,1.0,4.0,3.3333333333333335
Srinagar,1998,8,0.0,1,1.0,3.0,2.6666666666666665
Srinagar,1998,9,2.0,1,1.0,1.0,1.6666666666666667
Srinagar,1998,11,0.0,1,1.0,1.0,1.0
Srinagar,1999,6,0.0,1,1.0,1.0,1.0
Srinagar,1999,9,1.0,1,1.0,1.0,1.0
Srinagar,1999,10,0.0,1,3.0,1.0,1.0
Srinagar,1999,11,8.0,3,1.0,1.0,1.6666666666666667
Srinagar,1999,12,0.0,1,2.0,3.0,1.6666666666666667
Srinagar,2000,1,22.0,2,1.0,1.0,2.0
Srinagar,2000,3,0.0,1,1.0,2.0,1.3333333333333333
Srinagar,2000,4,0.0,1,5.0,1.0,1.3333333333333333
Srinagar,2000,5,3.0,5,5.0,1.0,2.3333333333333335
Srinagar,2000,6,6.0,5,4.0,5.0,3.6666666666666665
Srinagar,2000,8,10.0,4,2.0,5.0,4.666666666666667
Srinagar,2000,9,2.0,2,2.0,4.0,3.6666666666666665
Srinagar,2000,10,0.0,2,3.0,2.0,2.6666666666666665
Srinagar,2000,12,0.0,3,6.0,2.0,2.3333333333333335
Srinagar,2001,1,17.0,6,2.0,3.0,3.6666666666666665
Srinagar,2001,2,16.0,2,1.0,6.0,3.6666666666666665
Srinagar,2001,3,3.0,1,1.0,2.0,3.0
Srinagar,2001,4,4.0,1,2.0,1.0,1.3333333333333333
Srinagar,2001,5,0.0,2,1.0,1.0,1.3333333333333333
Srinagar,2001,6,2.0,1,1.0,2.0,1.3333333333333333
Srinagar,2001,7,0.0,1,9.0,1.0,1.3333333333333333
Srinagar,2001,8,2.0,9,1.0,1.0,3.6666666666666665
Srinagar,2001,9,0.0,1,3.0,9.0,3.6666666666666665
Srinagar,2001,10,31.0,3,4.0,1.0,4.333333333333333
Srinagar,2001,11,2.0,4,1.0,3.0,2.6666666666666665
Srinagar,2001,12,1.0,1,2.0,4.0,2.6666666666666665
Srinagar,2002,1,1.0,2,2.0,1.0,2.3333333333333335
Srinagar,2002,3,2.0,2,2.0,2.0,1.6666666666666667
Srinagar,2002,5,2.0,2,3.0,2.0,2.0
Srinagar,2002,6,1.0,3,4.0,2.0,2.3333333333333335
Srinagar,2002,7,4.0,4,1.0,3.0,3.0
Srinagar,2002,8,0.0,1,3.0,4.0,2.6666666666666665
Srinagar,2002,9,2.0,3,7.0,1.0,2.6666666666666665
Srinagar,2002,11,12.0,7,2.0,3.0,3.6666666666666665
Srinagar,2002,12,0.0,2,3.0,7.0,4.0
Srinagar,2003,1,3.0,3,2.0,2.0,4.0
Srinagar,2003,3,1.0,2,3.0,3.0,2.3333333333333335
Srinagar,2003,4,5.0,3,5.0,2.0,2.6666666666666665
Srinagar,2003,5,4.0,5,1.0,3.0,3.3333333333333335
Srinagar,2003,8,2.0,1,2.0,5.0,3.0
Srinagar,2003,9,7.0,2,2.0,1.0,2.6666666666666665
Srinagar,2003,10,2.0,2,3.0,2.0,1.6666666666666667
Srinagar,2003,11,2.0,3,1.0,2.0,2.3333333333333335
Srinagar,2004,1,1.0,1,1.0,3.0,2.0
Srinagar,2004,3,4.0,1,3.0,1.0,1.6666666666666667
Srinagar,2004,4,0.0,3,2.0,1.0,1.6666666666666667
Srinagar,2004,5,0.0,2,3.0,3.0,2.0
Srinagar,2004,6,3.0,3,2.0,2.0,2.6666666666666665
Srinagar,2004,7,9.0,2,1.0,3.0,2.3333333333333335
Srinagar,2004,12,5.0,1,3.0,2.0,2.0
Srinagar,2005,1,9.0,3,1.0,1.0,2.0
Srinagar,2005,2,6.0,1,3.0,3.0,1.6666666666666667
Srinagar,2005,4,3.0,3,5.0,1.0,2.3333333333333335
Srinagar,2005,5,17.0,5,3.0,3.0,3.0
Srinagar,2005,6,5.0,3,3.0,5.0,3.6666666666666665
Srinagar,2005,7,10.0,3,1.0,3.0,3.6666666666666665
Srinagar,2005,8,0.0,1,2.0,3.0,2.3333333333333335
Srinagar,2005,9,3.0,2,2.0,1.0,2.0
Srinagar,2005,10,4.0,2,4.0,2.0,1.6666666666666667
Srinagar,2005,11,18.0,4,1.0,2.0,2.6666666666666665
Srinagar,2006,3,0.0,1,8.0,4.0,2.3333333333333335
Srinagar,2006,4,5.0,8,6.0,1.0,4.333333333333333
Srinagar,2006,5,14.0,6,3.0,8.0,5.0
Srinagar,2006,6,2.0,3,2.0,6.0,5.666666666666667
Srinagar,2006,7,7.0,2,4.0,3.0,3.6666666666666665
Srinagar,2006,8,5.0,4,3.0,2.0,3.0
Srinagar,2006,9,2.0,3,4.0,4.0,3.0
Srinagar,2006,10,13.0,4,1.0,3.0,3.6666666666666665
Srinagar,2006,11,0.0,1,1.0,4.0,2.6666666666666665
Srinagar,2006,12,1.0,1,1.0,1.0,2.0
Srinagar,2007,1,0.0,1,1.0,1.0,1.0
Srinagar,2007,4,1.0,1,4.0,1.0,1.0
Srinagar,2007,6,1.0,4,1.0,1.0,2.0
Srinagar,2007,9,0.0,1,1.0,4.0,2.0
Srinagar,2007,10,1.0,1,1.0,1.0,2.0
Srinagar,2007,11,1.0,1,1.0,1.0,1.0
Srinagar,2008,3,0.0,1,2.0,1.0,1.0
Srinagar,2008,7,7.0,2,1.0,1.0,1.3333333333333333
Srinagar,2009,4,0.0,1,2.0,2.0,1.3333333333333333
Srinagar,2009,5,0.0,2,2.0,1.0,1.6666666666666667
Sumbal,1997,4,5.0,1,1.0,1.0,1.0
Sumbal,2000,2,2.0,1,1.0,1.0,1.0
Sumbal,2003,1,1.0,1,1.0,1.0,1.0
Surankot,2000,10,2.0,1,1.0,1.0,1.0
Surankot,2001,3,2.0,1,1.0,1.0,1.0
Surankot,2001,8,2.0,1,1.0,1.0,1.0
Thanamandi,2003,5,3.0,2,1.0,1.0,1.3333333333333333
Tral,2003,5,1.0,1,1.0,1.0,1.0
Tral,2006,4,1.0,1,1.0,1.0,1.0
Udhampur,2002,5,5.0,1,1.0,1.0,1.0
Udhampur,2003,3,13.0,1,1.0,1.0,1.0
Udhampur,2003,9,4.0,1,1.0,1.0,1.0
Udhampur,2005,8,3.0,1,1.0,1.0,1.0
Udhampur district,1998,8,3.0,1,1.0,1.0,1.0
Udhampur district,1999,4,31.0,1,1.0,1.0,1.0
Udhampur district,2000,10,2.0,1,1.0,1.0,1.0
Udhampur district,2001,9,6.0,1,1.0,1.0,1.0
Udhampur district,2002,6,5.0,1,1.0,1.0,1.0
Udhampur district,2002,8,3.0,1,1.0,1.0,1.0
Udhampur district,2005,6,5.0,1,1.0,1.0,1.0
Udhampur district,2005,7,6.0,1,1.0,1.0,1.0
Udhampur district,2006,4,3.0,1,1.0,1.0,1.0
Unknown,1991,3,0.0,1,2.0,5.0,3.6666666666666665
Unknown,1991,7,2.0,2,1.0,1.0,2.6666666666666665
Unknown,1991,9,2.0,1,2.0,2.0,1.3333333333333333
Unknown,1991,11,14.0,2,1.0,1.0,1.6666666666666667
Unknown,1992,8,0.0,1,1.0,2.0,1.3333333333333333
Unknown,1994,1,4.0,1,1.0,1.0,1.3333333333333333
Unknown,1994,11,8.0,1,1.0,1.0,1.0
Unknown,1995,4,18.0,1,29.0,1.0,1.0
Unknown,1995,5,6.0,29,1.0,1.0,10.333333333333334
Unknown,1995,11,5.0,1,5.0,29.0,10.333333333333334
Unknown,1996,9,0.0,5,3.0,1.0,11.666666666666666
Unknown,1997,3,24.0,3,1.0,5.0,3.0
Unknown,1997,4,3.0,1,2.0,3.0,3.0
Unknown,1997,7,0.0,2,3.0,1.0,2.0
Unknown,1997,10,0.0,3,1.0,2.0,2.0
Unknown,1998,8,19.0,1,1.0,3.0,2.0
Unknown,2000,12,8.0,1,2.0,1.0,1.6666666666666667
Unknown,2001,4,0.0,2,2.0,1.0,1.3333333333333333
Unknown,2001,8,2.0,2,1.0,2.0,1.6666666666666667
Unknown,2001,12,3.0,1,1.0,2.0,1.6666666666666667
Unknown,2002,12,10.0,1,1.0,1.0,1.3333333333333333
Unknown,2004,4,1.0,1,1.0,1.0,1.0
Unknown,2005,1,0.0,1,1.0,1.0,1.0
Unknown,2005,4,0.0,1,1.0,1.0,1.0
Unknown,2005,7,5.0,1,1.0,1.0,1.0
Unknown,2005,8,1.0,1,1.0,1.0,1.0
Unknown,2006,7,5.0,1,1.0,1.0,1.0
Unknown,2006,9,2.0,1,2.0,1.0,1.0
Unknown,2006,11,2.0,2,1.0,1.0,1.3333333333333333
Unknown,2007,2,3.0,1,1.0,2.0,1.3333333333333333
Yaripora,2002,1,0.0,1,1.0,1.0,1.0
